,count,mean,std,min,25%,50%,75%,max
feature_1,10200.0,21781985.191925053,13182262.988553872,100.6247816839,9212963.985682394,19209765.55461759,35262074.57602582,43806751.42043337
feature_2,10200.0,0.7175179207326177,0.05574214800942085,0.2658994838,0.6929487826,0.7278129857,0.7570255621,0.827014415
feature_3,10200.0,8.096176470588235,6.603298748090999,0.0,3.0,8.0,11.0,50.0
feature_4,10200.0,1.1151995252019218,0.03605548967328072,0.7343941096,1.1138849678,1.1265750641,1.1352308688,1.1419293948
feature_5,10200.0,0.46180368747056866,0.419061020373252,-1.0,0.5927161087,0.6547073468,0.6547073468,0.6804096966
